,filename,len_in_sec,sr,num_hops,OVRL_raw,SIG_raw,BAK_raw,OVRL,SIG,BAK,P808_MOS
0,enchance/combined.wav,15.0,16000,6,2.0223045349121094,2.2435226440429688,3.241227388381958,2.024507497743944,2.3205248697288385,3.433268494304832,3.1997263431549072
1,enchance/mic.wav,15.0,16000,6,2.647033214569092,2.794875383377075,4.065732479095459,2.524317854421588,2.7610373168931797,3.9692904883666063,3.275700330734253
2,enchance/mic_new.wav,15.0,16000,6,2.260300397872925,2.5640006065368652,3.420844078063965,2.2213204693882136,2.5827197378276714,3.5668130619630536,3.1996138095855713
